﻿Designator,Quantity,Value,Footprint,Package,MPN,DNP,Mount_Type,Description,MANUFACTURER_NAME,MF,MOUSER_PRICE-STOCK,DESCRIPTION,MOUSER_PART_NUMBER,Price,Check_prices,HEIGHT,SnapEDA_Link,MP,Purchase-URL,Description_1,Availability,MANUFACTURER_PART_NUMBER,STANDARD,PARTREV,MANUFACTURER,MAXIMUM_PACKAGE_HEIGHT
"C1, C11, C12, C13, C14, C15, C17, C18, C19, C2, C20, C3, C4, C5, C6, C7, C8, C9",18,4.7µF,CAPAE430X565N,,,,smt,Polarized capacitor,,,,,,,,,,,,,,,,,,
"C10, C16, C21",3,4.7µF,C_0805_2012Metric,,,,smt,Unpolarized capacitor,,,,,,,,,,,,,,,,,,
C22,1,1000pF,C_0805_2012Metric,,,,smt,Unpolarized capacitor,,,,,,,,,,,,,,,,,,
"IC1, IC2",2,TMUX6208PWR,SOP65P640X120-16N,None,,,smt,,Texas Instruments,Texas Instruments,https://www.mouser.co.uk/ProductDetail/Texas-Instruments/TMUX6208PWR?qs=DRkmTr78QARPqhd4x6TJ8g%3D%3D,"Analogue Switch ICs 36-V, low-RON, 8:1 precision multiplexer with 1.8-V logic 16-TSSOP -40 to 125",595-TMUX6208PWR,None,https://www.snapeda.com/parts/TMUX6208PWR/Texas+Instruments/view-part/?ref=eda,1.2mm,https://www.snapeda.com/parts/TMUX6208PWR/Texas+Instruments/view-part/?ref=snap,TMUX6208PWR,https://www.snapeda.com/api/url_track_click_mouser/?unipart_id=5834655&manufacturer=Texas Instruments&part_name=TMUX6208PWR&search_term=tmux6208,"36-V, low-RON, 8:1 precision multiplexer with 1.8-V logic",In Stock,TMUX6208PWR,,,,
"J1, J2, J3, J4, J5, J6, J7, J8, J9",9,SJ1-3513N,CUI_SJ1-3513N,None,,,tht,,,Same Sky,,,,None,https://www.snapeda.com/parts/SJ1-3513N/Same+Sky/view-part/?ref=eda,,https://www.snapeda.com/parts/SJ1-3513N/Same+Sky/view-part/?ref=snap,SJ1-3513N,https://www.snapeda.com/api/url_track_click_mouser/?unipart_id=617507&manufacturer=Same Sky&part_name=SJ1-3513N&search_term=sj1-3513n,"3.5 mm, Stereo, Right Angle, Through Hole, 3 Conductors, 0 Internal Switches, Audio Jack Connector",In Stock,,Manufacturer recommendation,1.02,CUI,
"R1, R2, R20, R21",4,10k,R_0805_2012Metric,,,,smt,Resistor,,,,,,,,,,,,,,,,,,
"R10, R11, R12, R13, R14, R15, R16, R17, R18, R19, R3, R4, R5, R6, R7, R8, R9",17,100k,R_0805_2012Metric,,,,smt,Resistor,,,,,,,,,,,,,,,,,,
U1,1,ESP32-C6-WROOM-1-N8,XCVR_ESP32-C6-WROOM-1-N8,SMD-28 Espressif Systems,,,smt,,,Espressif Systems,,,,None,https://www.snapeda.com/parts/ESP32-C6-WROOM-1-N8/Espressif+Systems/view-part/?ref=eda,,https://www.snapeda.com/parts/ESP32-C6-WROOM-1-N8/Espressif+Systems/view-part/?ref=snap,ESP32-C6-WROOM-1-N8,https://www.snapeda.com/api/url_track_click_mouser/?unipart_id=12616380&manufacturer=Espressif Systems&part_name=ESP32-C6-WROOM-1-N8&search_term=esp32 c6 wroom 1,"Multiprotocol Modules ESP32-C6 module, Wi-Fi 6 in 2.4 GHz band, Bluetooth 5, Zigbee 3.0 and Thread. ESP34-WROOM Compatible - ENGINEERING SAMPLE",In Stock,,Manufacturer Recommendations,1.0,Espressif Systems,3.25mm
U2,1,MCP1725-3302E_MC,SON50P200X300X100-9N,DFN-8 Microchip,,,smt,,,Microchip,,,,None,https://www.snapeda.com/parts/MCP1725-3302E/MC/Microchip+Technology/view-part/?ref=eda,,https://www.snapeda.com/parts/MCP1725-3302E/MC/Microchip+Technology/view-part/?ref=snap,MCP1725-3302E/MC,https://www.snapeda.com/api/url_track_click_mouser/?unipart_id=48566&manufacturer=Microchip&part_name=MCP1725-3302E/MC&search_term= mcp1725-3302e,LDO Regulator 500mA 3.3V Shutdown DFN8EP | Microchip Technology Inc. MCP1725-3302E/MC,In Stock,,IPC 7351B,B,Microchip Technology,1.0 mm
